[{"pk": "amazon", "model": "adsuggest.uploader", "fields": {}}, {"pk": "apple", "model": "adsuggest.uploader", "fields": {}}, {"pk": "chipotle", "model": "adsuggest.uploader", "fields": {}}, {"pk": "cnettv", "model": "adsuggest.uploader", "fields": {}}, {"pk": "cocacola", "model": "adsuggest.uploader", "fields": {}}, {"pk": "dockerspants", "model": "adsuggest.uploader", "fields": {}}, {"pk": "gameofthrones", "model": "adsuggest.uploader", "fields": {}}, {"pk": "googleindia", "model": "adsuggest.uploader", "fields": {}}, {"pk": "googlenexus", "model": "adsuggest.uploader", "fields": {}}, {"pk": "ignentertainment", "model": "adsuggest.uploader", "fields": {}}, {"pk": "lorealparisnyc", "model": "adsuggest.uploader", "fields": {}}, {"pk": "marvel", "model": "adsuggest.uploader", "fields": {}}, {"pk": "officialbudlight", "model": "adsuggest.uploader", "fields": {}}, {"pk": "oldspice", "model": "adsuggest.uploader", "fields": {}}, {"pk": "vintagetvcommercials", "model": "adsuggest.uploader", "fields": {}}, {"pk": "walmart", "model": "adsuggest.uploader", "fields": {}}, {"pk": "2LIQ2-PZBC8", "model": "adsuggest.ad", "fields": {"category": "Entertainment", "uploader": "marvel"}}, {"pk": "4-Fvis8f8xo", "model": "adsuggest.ad", "fields": {"category": "Entertainment", "uploader": "googleindia"}}, {"pk": "5q0vM3uHK1g", "model": "adsuggest.ad", "fields": {"category": "Entertainment", "uploader": "googleindia"}}, {"pk": "5skRM-9S4Ng", "model": "adsuggest.ad", "fields": {"category": "Entertainment", "uploader": "chipotle"}}, {"pk": "91x3JhanUoQ", "model": "adsuggest.ad", "fields": {"category": "Entertainment", "uploader": "ignentertainment"}}, {"pk": "98BIu9dpwHU", "model": "adsuggest.ad", "fields": {"category": "Tech", "uploader": "amazon"}}, {"pk": "IuXU989B2p8", "model": "adsuggest.ad", "fields": {"category": "Entertainment", "uploader": "googleindia"}}, {"pk": "Ld3fvOXSulw", "model": "adsuggest.ad", "fields": {"category": "Howto", "uploader": "dockerspants"}}, {"pk": "a11PxJ9JnsQ", "model": "adsuggest.ad", "fields": {"category": "Howto", "uploader": "lorealparisnyc"}}, {"pk": "aMed07FEDEg", "model": "adsuggest.ad", "fields": {"category": "Entertainment", "uploader": "cocacola"}}, {"pk": "ai64TMe-8gw", "model": "adsuggest.ad", "fields": {"category": "Entertainment", "uploader": "walmart"}}, {"pk": "csai_UBruRQ", "model": "adsuggest.ad", "fields": {"category": "Comedy", "uploader": "oldspice"}}, {"pk": "dvoBl1158Gg", "model": "adsuggest.ad", "fields": {"category": "Entertainment", "uploader": "gameofthrones"}}, {"pk": "g9EBHIhx8ik", "model": "adsuggest.ad", "fields": {"category": "Entertainment", "uploader": "vintagetvcommercials"}}, {"pk": "gHGDN9-oFJE", "model": "adsuggest.ad", "fields": {"category": "Tech", "uploader": "googleindia"}}, {"pk": "gKKVQLDYYcw", "model": "adsuggest.ad", "fields": {"category": "Entertainment", "uploader": "officialbudlight"}}, {"pk": "hQ0XTJqFLIE", "model": "adsuggest.ad", "fields": {"category": "Tech", "uploader": "googlenexus"}}, {"pk": "iPcXQj5LMBo", "model": "adsuggest.ad", "fields": {"category": "Entertainment", "uploader": "googleindia"}}, {"pk": "l5sofcYEUow", "model": "adsuggest.ad", "fields": {"category": "Entertainment", "uploader": "googleindia"}}, {"pk": "wfPTQUnfGtE", "model": "adsuggest.ad", "fields": {"category": "Tech", "uploader": "cnettv"}}, {"pk": "xTjejvnBJfU", "model": "adsuggest.ad", "fields": {"category": "Tech", "uploader": "apple"}}, {"pk": 1, "model": "adsuggest.aduser", "fields": {"blacklistedUploaders": [], "blacklisted": ["5q0vM3uHK1g", "gHGDN9-oFJE", "iPcXQj5LMBo"], "recommended": [], "score": 0, "user": 1, "favoriteCategory": "", "recommendedUploaders": []}}, {"pk": 2, "model": "adsuggest.aduser", "fields": {"blacklistedUploaders": [], "blacklisted": [], "recommended": ["4-Fvis8f8xo", "5q0vM3uHK1g", "IuXU989B2p8", "iPcXQj5LMBo", "l5sofcYEUow"], "score": -3, "user": 2, "favoriteCategory": "", "recommendedUploaders": ["googleindia"]}}, {"pk": 1, "model": "adsuggest.sharedad", "fields": {"ad": "gHGDN9-oFJE", "url": "localhost:8000/adsuggest/referral1", "is_liked": true, "is_disliked": false, "sent_by": 1, "sent_to": 2}}, {"pk": 2, "model": "adsuggest.sharedad", "fields": {"ad": "iPcXQj5LMBo", "url": "localhost:8000/adsuggest/referral2", "is_liked": false, "is_disliked": true, "sent_by": 2, "sent_to": 1}}, {"pk": 3, "model": "adsuggest.sharedad", "fields": {"ad": "iPcXQj5LMBo", "url": "localhost:8000/adsuggest/referral3", "is_liked": false, "is_disliked": true, "sent_by": 2, "sent_to": 1}}, {"pk": 4, "model": "adsuggest.sharedad", "fields": {"ad": "gHGDN9-oFJE", "url": "localhost:8000/adsuggest/referral4", "is_liked": false, "is_disliked": true, "sent_by": 1, "sent_to": 1}}, {"pk": 5, "model": "adsuggest.sharedad", "fields": {"ad": "5q0vM3uHK1g", "url": "localhost:8000/adsuggest/referral5", "is_liked": false, "is_disliked": true, "sent_by": 2, "sent_to": 1}}, {"pk": 6, "model": "adsuggest.sharedad", "fields": {"ad": "ai64TMe-8gw", "url": "localhost:8000/adsuggest/referral6", "is_liked": false, "is_disliked": false, "sent_by": 1, "sent_to": 2}}]